{
    "loss": 1.8128111362457275,
    "accuracy": 0.7698233127593994
}