{
    "loss": 3.1879427433013916,
    "accuracy": 0.6918894648551941
}