{
    "loss": 6.674500465393066,
    "accuracy": 0.690983235836029
}